Name ;Sequence ;Overhang;Extreme;Temperature;length_recognition;Literature;
AccII;CG^vCG;Blunt;Blunt;37;4bp;;
AciI;CvCG^C;CG;5;37;4bp;;
AfaI;GT^vAC;Blunt;Blunt;37;4bp;;
AfiI;CCNN^NNNvNNGG;NNN;3;;4bp;;
AluBI;AG^vCT;Blunt;Blunt;60;4bp;;
AluI;AG^vCT;Blunt;Blunt;;4bp;;
AoxI;vGGmCC^;GGCC;5;55;4bp;;
AspLEI;G^CGvC;CG;3;60;4bp;;
AspS9I;GvGNC^C;GNC;5;37;4bp;;
BfaI;CvTA^G;TA;5;25;4bp;;
BisI;GmCvN^GC;N;5;25;4bp;;
BlsI;GmC^NvGC;N;3;37;4bp;;
Bme1390I;CCvN^GG;N;5;37;4bp;;
BmgT120I;GvGNC^C;GNC;5;37;4bp;;
BmiI;GGN^vNCC;Blunt;Blunt;55;4bp;;
BmrFI;CCvN^GG;N;5;37;4bp;;
BsaJI;CvCNNG^G;CNNG;5;;4bp;;
Bsc4I;CCNN^NNNvNNGG;NNN;3;37;4bp;;
BseDI;CvCNNG^G;CNNG;5;37;4bp;;
BseLI;CCNN^NNNvNNGG;NNN;3;;4bp;;
Bsh1236I;CG^vCG;Blunt;Blunt;37;4bp;;
BshFI;GG^vCC;Blunt;Blunt;37;4bp;;
BsiSI;CvCG^G;CG;5;37;4bp;;
BslI;CCNN^NNNvNNGG;NNN;3;37;4bp;;
BsnI;GG^vCC;Blunt;Blunt;37;4bp;;
Bsp143I;vGATC^;GATC;5;37;4bp;;
BspACI;CvCG^C;CG;5;37;4bp;;
BspANI;GG^vCC;Blunt;Blunt;37;4bp;;
BspFNI;CG^vCG;Blunt;Blunt;37;4bp;;
BspLI;GGN^vNCC;Blunt;Blunt;;4bp;;
BssECI;CvCNNG^G;CNNG;5;37;4bp;;
BssMI;vGATC^;GATC;5;37;4bp;;
Bst4CI;AC^NvGT;N;3;37;4bp;;
BstC8I;GCN^vNGC;Blunt;Blunt;37;4bp;;
BstDEI;CvTNA^G;TNA;5;37;4bp;;
BstFNI;CG^vCG;Blunt;Blunt;;4bp;;
BstHHI;G^CGvC;CG;3;80;4bp;;
BstKTI;G^ATvC;AT;3;37;4bp;;
BstMBI;vGATC^;GATC;5;37;4bp;;
BstMWI;GCNN^NNNvNNGC;NNN;3;37;4bp;;
BstSCI;vCCNGG^;CCNGG;5;37;4bp;;
BstUI;CG^vCG;Blunt;Blunt;37;4bp;;
BsuRI;GG^vCC;Blunt;Blunt;37;4bp;;
Cac8I;GCN^vNGC;Blunt;Blunt;37;4bp;;
CfoI;G^CGvC;CG;3;85;4bp;;
Cfr13I;GvGNC^C;GNC;5;;4bp;;
Csp6I;GvTA^C;TA;5;37;4bp;PASS ;
CviAII;CvAT^G;AT;5;;4bp;;
CviQI;GvTA^C;TA;5;37;4bp;;
DdeI;CvTNA^G;TNA;5;37;4bp;PASS ;
DpnI;GmA^vTC;Blunt;Blunt;37;4bp;;
DpnII;vGATC^;GATC;5;;4bp;PASS ;
FaeI;^CATGv;CATG;3;37;4bp;;
FatI;vCATG^;CATG;5;37;4bp;;
Fnu4HI;GCvN^GC;N;5;37;4bp;;
Fsp4HI;GCvN^GC;N;5;37;4bp;;
FspBI;CvTA^G;TA;5;37;4bp;;
GlaI;GmC^vGmC;Blunt;Blunt;;4bp;;
GluI;GmCvN^GmC;N;5;37;4bp;;
HaeIII;GG^vCC;Blunt;Blunt;37;4bp;;
HapII;CvCG^G;CG;5;;4bp;;
HhaI;G^CGvC;CG;3;37;4bp;;
Hin1II;^CATGv;CATG;3;37;4bp;;
Hin6I;GvCG^C;CG;5;37;4bp;;
HinP1I;GvCG^C;CG;5;;4bp;;
HinfI;GvANT^C;ANT;5;37;4bp;;
HpaII;CvCG^G;CG;5;;4bp;;
Hpy166II;GTN^vNAC;Blunt;Blunt;37;4bp;;
Hpy188I;TC^NvGA;N;3;37;4bp;;
Hpy188III;TCvNN^GA;NN;5;;4bp;;
Hpy8I;GTN^vNAC;Blunt;Blunt;37;4bp;;
HpyCH4III;AC^NvGT;N;3;37;4bp;;
HpyCH4IV;AvCG^T;CG;5;37;4bp;;
HpyCH4V;TG^vCA;Blunt;Blunt;37;4bp;;
HpyF10VI;GCNN^NNNvNNGC;NNN;3;50;4bp;;
HpyF3I;CvTNA^G;TNA;5;37;4bp;;
HpySE526I;AvCG^T;CG;5;;4bp;;
Hsp92II;^CATGv;CATG;3;50;4bp;;
HspAI;GvCG^C;CG;5;37;4bp;;
Kzo9I;vGATC^;GATC;5;37;4bp;;
MaeI;CvTA^G;TA;5;37;4bp;;
MaeII;AvCG^T;CG;5;;4bp;;
MaeIII;vGTNAC^;GTNAC;5;37;4bp;;
MalI;GmA^vTC;Blunt;Blunt;37;4bp;;
MboI;vGATC^;GATC;5;37;4bp;;
MluCI;vAATT^;AATT;5;37;4bp;;
MnlI;CCTCN₆^Nv;N;3;;4bp;;
MseI;TvTA^A;TA;5;37;4bp;;
MspI;CvCG^G;CG;5;37;4bp;;
MspR9I;CCvN^GG;N;5;;4bp;;
MvnI;CG^vCG;Blunt;Blunt;37;4bp;;
MwoI;GCNN^NNNvNNGC;NNN;3;60;4bp;;
NdeII;vGATC^;GATC;5;37;4bp;;
NlaIII;^CATGv;CATG;3;37;4bp;PASS ;
NlaIV;GGN^vNCC;Blunt;Blunt;;4bp;;
PkrI;GmC^NvGmC;N;3;37;4bp;;
PspN4I;GGN^vNCC;Blunt;Blunt;37;4bp;;
PspPI;GvGNC^C;GNC;5;37;4bp;;
RsaI;GT^vAC;Blunt;Blunt;;4bp;;
RsaNI;GvTA^C;TA;5;55;4bp;;
SaqAI;TvTA^A;TA;5;37;4bp;;
SatI;GCvN^GC;N;5;55;4bp;;
Sau3AI;vGATC^;GATC;5;65;4bp;;
Sau96I;GvGNC^C;GNC;5;;4bp;;
ScrFI;CCvN^GG;N;5;37;4bp;;
Sse9I;vAATT^;AATT;5;37;4bp;;
SsiI;CvCG^C;CG;5;37;4bp;;
SspMI;CvTA^G;TA;5;37;4bp;;
StyD4I;vCCNGG^;CCNGG;5;;4bp;;
TaaI;AC^NvGT;N;3;37;4bp;;
TaiI;^ACGTv;ACGT;3;37;4bp;;
TaqI;TvCG^A;CG;5;37;4bp;;
TaqI-v2;TvCG^A;CG;5;37;4bp;;
TasI;vAATT^;AATT;5;50;4bp;;
Tru1I;TvTA^A;TA;5;37;4bp;;
Tru9I;TvTA^A;TA;5;;4bp;;
XspI;CvTA^G;TA;5;60;4bp;;
AanI;TTA^vTAA;Blunt;Blunt;65;6bp;;
AasI;GACNN^NNvNNGTC;NN;3;60;6bp;;
AatII;G^ACGTvC;ACGT;3;37;6bp;;
Acc16I;TGC^vGCA;Blunt;Blunt;37;6bp;;
Acc36I;ACCTGCNNNNvNNNN^;NNNN;5;37;6bp;;
Acc65I;GvGTAC^C;GTAC;5;;6bp;;
AccB7I;CCAN^NNNvNTGG;NNN;3;37;6bp;;
AccBSI;CCG^vCTC;Blunt;Blunt;;6bp;;
AccIII;TvCCGG^A;CCGG;5;60;6bp;;
AclI;AAvCG^TT;CG;5;37;6bp;;
AcuI;CTGAAGN₁₄^NNv;NN;3;;6bp;;
AcvI;CAC^vGTG;NN;Blunt;37;6bp;;
AdeI;CAC^NNNvGTG;NNN;3;;6bp;;
AfeI;AGC^vGCT;Blunt;Blunt;37;6bp;;
AflII;CvTTAA^G;TTAA;5;37;6bp;;
AgeI;AvCCGG^T;CCGG;5;37;6bp;;
AgeI-HF®;AvCCGG^T;CCGG;5;;6bp;;
AhdI;GACNN^NvNNGTC;N;3;37;6bp;;
AhlI;AvCTAG^T;CTAG;5;;6bp;;
AjiI;CAC^vGTC;Blunt;Blunt;37;6bp;;
AleI-v2;CACNN^vNNGTG;Blunt;Blunt;37;6bp;;
Alw44I;GvTGCA^C;TGCA;5;;6bp;;
AlwNI;CAG^NNNvCTG;NNN;3;37;6bp;;
Aor13HI;TvCCGG^A;CCGG;5;37;6bp;;
Aor51HI;AGC^vGCT;Blunt;Blunt;37;6bp;;
ApaI;G^GGCCvC;GGCC;3;37;6bp;;
ApaLI;GvTGCA^C;TGCA;5;37;6bp;;
AseI;ATvTA^AT;TA;5;37;6bp;;
AsiGI;AvCCGG^T;CCGG;5;37;6bp;;
Asp700I;GAANN^vNNTTC;Blunt;Blunt;37;6bp;;
Asp718I;GvGTAC^C;GTAC;5;37;6bp;;
AspA2I;CvCTAG^G;CTAG;5;;6bp;;
AsuII;TTvCG^AA;CG;5;37;6bp;;
AsuNHI;GvCTAG^C;CTAG;5;37;6bp;;
AvrII;CvCTAG^G;CTAG;5;37;6bp;;
AxyI;CCvTNA^GG;TNA;5;37;6bp;;
BalI;TGG^vCCA;Blunt;Blunt;37;6bp;;
BamHI;GvGATC^C;GATC;5;37;6bp;;
BamHI-HF®;GvGATC^C;GATC;5;;6bp;;
BauI;CvACGA^G;ACGA;5;37;6bp;;
BbrPI;CAC^vGTG;Blunt;Blunt;37;6bp;;
BbsI;GAAGACNNvNNNN^;NNNN;5;37;6bp;;
BbsI-HF®;GAAGACNNvNNNN^;NNNN;5;37;6bp;;
BcgI;^NNvN₁₀CGANNNNNNTGCN₁₀^NNv;NN;3;37;6bp;;
BciVI;GTATCCN₅^Nv;N;3;;6bp;;
BclI;TvGATC^A;GATC;5;37;6bp;;
BclI-HF®;TvGATC^A;GATC;5;37;6bp;;
BcuI;AvCTAG^T;CTAG;5;65;6bp;;
BfrI;CvTTAA^G;TTAA;5;65;6bp;;
BfuAI;ACCTGCNNNNvNNNN^;NNNN;5;37;6bp;;
BfuI;GTATCCN₅^Nv;N;3;37;6bp;;
BglI;GCCN^NNNvNGGC;NNN;3;37;6bp;;
BglII;AvGATC^T;GATC;5;37;6bp;;
BlnI;CvCTAG^G;CTAG;5;37;6bp;;
BlpI;GCvTNA^GC;TNA;5;37;6bp;;
BmcAI;AGT^vACT;Blunt;Blunt;37;6bp;;
BmeRI;GACNN^NvNNGTC;N;3;37;6bp;;
BmgBI;CAC^vGTC;Blunt;Blunt;37;6bp;;
BmrI;ACTGGGNNNN^Nv;N;3;37;6bp;;
BmtI;G^CTAGvC;CTAG;3;37;6bp;;
BmtI-HF®;G^CTAGvC;CTAG;3;37;6bp;;
BmuI;ACTGGGNNNN^Nv;N;3;;6bp;;
BoxI;GACNN^vNNGTC;Blunt;Blunt;37;6bp;;
BpiI;GAAGACNNvNNNN^;NNNN;5;37;6bp;;
BplI;^NNNNNvN₈GAGNNNNNCTCN₈^NNNNNv;NNNNN;3;;6bp;;
BpmI;CTGGAGN₁₄^NNv;NN;3;37;6bp;;
Bpu10I;CCvTNA^GC;TNA;5;37;6bp;;
Bpu1102I;GCvTNA^GC;TNA;5;37;6bp;;
Bpu14I;TTvCG^AA;CG;5;37;6bp;;
BpuEI;CTTGAGN₁₄^NNv;NN;3;37;6bp;;
Bsa29I;ATvCG^AT;CG;5;;6bp;;
BsaBI;GATNN^vNNATC;Blunt;Blunt;37;6bp;;
BsaI-HF®v2;GGTCTCNvNNNN^;NNNN;5;;6bp;;
BsaXI;^NNNvN₉ACNNNNNCTCCN₇^NNNv;NNN;3;37;6bp;;
Bse21I;CCvTNA^GG;TNA;5;37;6bp;;
Bse3DI;GCAATG^NNv;NN;3;37;6bp;;
Bse8I;GATNN^vNNATC;Blunt;Blunt;37;6bp;;
BseAI;TvCCGG^A;CCGG;5;37;6bp;;
BseCI;ATvCG^AT;CG;5;37;6bp;;
BseJI;GATNN^vNNATC;Blunt;Blunt;37;6bp;;
BseMI;GCAATG^NNv;NN;3;37;6bp;;
BsePI;GvCGCG^C;CGCG;5;37;6bp;;
BseRI;GAGGAGN₈^NNv;NN;3;37;6bp;;
BseX3I;CvGGCC^G;GGCC;5;37;6bp;;
BseYI;CvCCAG^C;CCAG;5;37;6bp;;
BsgI;GTGCAGN₁₄^NNv;NN;3;37;6bp;;
BshTI;AvCCGG^T;CCGG;5;37;6bp;;
BshVI;ATvCG^AT;CG;5;37;6bp;;
BsiWI;CvGTAC^G;GTAC;5;37;6bp;;
BsiWI-HF®;CvGTAC^G;GTAC;5;37;6bp;;
BsmBI-v2;CGTCTCNvNNNN^;NNNN;5;37;6bp;;
BsmI;GAATG^CNv;CN;3;37;6bp;;
Bso31I;GGTCTCNvNNNN^;NNNN;5;37;6bp;;
Bsp119I;TTvCG^AA;CG;5;;6bp;;
Bsp120I;GvGGCC^C;GGCC;5;37;6bp;;
Bsp13I;TvCCGG^A;CCGG;5;37;6bp;;
Bsp1407I;TvGTAC^A;GTAC;5;37;6bp;;
Bsp1720I;GCvTNA^GC;TNA;5;75;6bp;;
Bsp19I;CvCATG^G;CATG;5;65;6bp;;
Bsp68I;TCG^vCGA;Blunt;Blunt;37;6bp;;
BspDI;ATvCG^AT;CG;5;37;6bp;;
BspEI;TvCCGG^A;CCGG;5;37;6bp;;
BspHI;TvCATG^A;CATG;5;37;6bp;;
BspMAI;C^TGCAvG;TGCA;3;37;6bp;;
BspMI;ACCTGCNNNNvNNNN^;NNNN;5;37;6bp;;
BspOI;G^CTAGvC;CTAG;3;;6bp;;
BspT104I;TTvCG^AA;CG;5;;6bp;;
BspTI;CvTTAA^G;TTAA;5;;6bp;;
BspTNI;GGTCTCNvNNNN^;NNNN;5;;6bp;;
BsrBI;CCG^vCTC;Blunt;Blunt;;6bp;;
BsrDI;GCAATG^NNv;NN;3;;6bp;;
BsrGI;TvGTAC^A;GTAC;5;;6bp;;
BsrGI-HF®;TvGTAC^A;GTAC;5;;6bp;;
BssHII;GvCGCG^C;CGCG;5;;6bp;;
BssNAI;GTA^vTAC;Blunt;Blunt;;6bp;;
BssSI-v2;CvACGA^G;ACGA;5;;6bp;;
Bst1107I;GTA^vTAC;Blunt;Blunt;;6bp;;
Bst2BI;CvACGA^G;ACGA;5;;6bp;;
Bst6I;CTCTTCNvNNN^;NNN;5;;6bp;;
BstAFI;CvTTAA^G;TTAA;5;;6bp;;
BstAPI;GCAN^NNNvNTGC;NNN;3;;6bp;;
BstAUI;TvGTAC^A;GTAC;5;;6bp;;
BstBI;TTvCG^AA;CG;5;;6bp;;
BstEII;GvGTNAC^C;GTNAC;5;;6bp;;
BstEII-HF®;GvGTNAC^C;GTNAC;5;;6bp;;
BstENI;CCTNNvN^NNAGG;N;5;;6bp;;
BstPAI;GACNN^vNNGTC;Blunt;Blunt;;6bp;;
BstPI;GvGTNAC^C;GTNAC;5;;6bp;;
BstSNI;TAC^vGTA;Blunt;Blunt;;6bp;;
BstV2I;GAAGACNNvNNNN^;NNNN;5;;6bp;;
BstXI;CCAN^NNNNvNTGG;NNNN;3;;6bp;;
BstZ17I-HF®;GTA^vTAC;Blunt;Blunt;;6bp;;
BstZI;CvGGCC^G;GGCC;5;;6bp;;
Bsu15I;ATvCG^AT;CG;5;;6bp;;
Bsu36I;CCvTNA^GG;TNA;5;;6bp;;
BsuI;GTATCCN₅^Nv;N;3;;6bp;;
BsuTUI;ATvCG^AT;CG;5;;6bp;;
BtgZI;GCGATGN₁₀vNNNN^;NNNN;5;;6bp;;
BtrI;CAC^vGTC;Blunt;Blunt;;6bp;;
BtsI-v2;GCAGTG^NNv;NN;3;;6bp;;
BtuMI;TCG^vCGA;Blunt;Blunt;;6bp;;
BveI;ACCTGCNNNNvNNNN^;NNNN;5;;6bp;;
CaiI;CAG^NNNvCTG;NNN;3;;6bp;;
CciI;TvCATG^A;CATG;5;;6bp;;
Cfr42I;CC^GCvGG;GC;3;;6bp;;
Cfr9I;CvCCGG^G;CCGG;5;;6bp;;
ClaI;ATvCG^AT;CG;5;;6bp;;
CspAI;AvCCGG^T;CCGG;5;;6bp;;
DinI;GGC^vGCC;Blunt;Blunt;;6bp;;
DraI;TTT^vAAA;Blunt;Blunt;;6bp;;
DraIII;CAC^NNNvGTG;NNN;3;;6bp;;
DraIII-HF®;CAC^NNNvGTG;NNN;3;;6bp;;
DrdI;GACNN^NNvNNGTC;NN;3;;6bp;;
DriI;GACNN^NvNNGTC;N;3;;6bp;;
DseDI;GACNN^NNvNNGTC;NN;3;;6bp;;
EagI-HF®;CvGGCC^G;GGCC;5;;6bp;;
Eam1104I;CTCTTCNvNNN^;NNN;5;;6bp;;
Eam1105I;GACNN^NvNNGTC;N;3;;6bp;;
EarI;CTCTTCNvNNN^;NNN;5;;6bp;;
EciI;GGCGGAN₉^NNv;NN;3;;6bp;;
Ecl136II;GAG^vCTC;Blunt;Blunt;;6bp;;
EclXI;CvGGCC^G;GGCC;5;;6bp;;
Eco105I;TAC^vGTA;Blunt;Blunt;;6bp;;
Eco147I;AGG^vCCT;Blunt;Blunt;;6bp;;
Eco31I;GGTCTCNvNNNN^;NNNN;5;;6bp;;
Eco32I;GAT^vATC;Blunt;Blunt;;6bp;;
Eco47III;AGC^vGCT;Blunt;Blunt;;6bp;;
Eco52I;CvGGCC^G;GGCC;5;;6bp;;
Eco53kI;GAG^vCTC;Blunt;Blunt;;6bp;;
Eco57I;CTGAAGN₁₄^NNv;NN;3;;6bp;;
Eco72I;CAC^vGTG;Blunt;Blunt;;6bp;;
Eco81I;CCvTNA^GG;TNA;5;;6bp;;
Eco91I;GvGTNAC^C;GTNAC;5;;6bp;;
EcoICRI;GAG^vCTC;Blunt;Blunt;;6bp;;
EcoNI;CCTNNvN^NNAGG;N;5;;6bp;;
EcoO65I;GvGTNAC^C;GTNAC;5;;6bp;;
EcoP15I;CAGCAGN₂₅vNN^;NN;5;;6bp;;
EcoRI;GvAATT^C;AATT;5;;6bp;;
EcoRI-HF®;GvAATT^C;AATT;5;;6bp;;
EcoRV;GAT^vATC;Blunt;Blunt;;6bp;;
EcoRV-HF®;GAT^vATC;Blunt;Blunt;;6bp;;
EcoT22I;A^TGCAvT;TGCA;3;;6bp;;
EgeI;GGC^vGCC;Blunt;Blunt;;6bp;;
EheI;GGC^vGCC;Blunt;Blunt;;6bp;;
Esp3I;CGTCTCNvNNNN^;NNNN;5;;6bp;;
FalI;^NNNNNvN₈AAGNNNNNCTTN₈^NNNNNv;NNNNN;3;;6bp;;
FauNDI;CAvTA^TG;TA;5;;6bp;;
FbaI;TvGATC^A;GATC;5;;6bp;;
FspI;TGC^vGCA;Blunt;Blunt;;6bp;;
GsaI;C^CCAGvC;CCAG;3;;6bp;;
GsuI;CTGGAGN₁₄^NNv;NN;3;;6bp;;
HindIII;AvAGCT^T;AGCT;5;;6bp;PASS;
HindIII-HF®;AvAGCT^T;AGCT;5;;6bp;;
HpaI;GTT^vAAC;Blunt;Blunt;;6bp;;
KasI;GvGCGC^C;GCGC;5;;6bp;;
Kpn2I;TvCCGG^A;CCGG;5;;6bp;;
KpnI;G^GTACvC;GTAC;3;;6bp;;
KpnI-HF®;G^GTACvC;GTAC;3;;6bp;;
KroI;GvCmCGG^C;CCGG;5;;6bp;;
KroNI;GCC^vGGC;Blunt;Blunt;;6bp;;
Ksp22I;TvGATC^A;GATC;5;;6bp;;
KspAI;GTT^vAAC;Blunt;Blunt;;6bp;;
KspI;CC^GCvGG;GC;3;;6bp;;
MbiI;CCG^vCTC;Blunt;Blunt;;6bp;;
MfeI;CvAATT^G;AATT;5;;6bp;;
MfeI-HF®;CvAATT^G;AATT;5;;6bp;;
MlsI;TGG^vCCA;Blunt;Blunt;;6bp;;
MluI;AvCGCG^T;CGCG;5;;6bp;;
MluI-HF®;AvCGCG^T;CGCG;5;;6bp;;
MluNI;TGG^vCCA;Blunt;Blunt;;6bp;;
Mly113I;GGvCG^CC;CG;5;;6bp;;
Mox20I;TGG^vCCA;Blunt;Blunt;;6bp;;
Mph1103I;A^TGCAvT;TGCA;3;;6bp;;
MroI;TvCCGG^A;CCGG;5;;6bp;;
MroNI;GvCCGG^C;CCGG;5;;6bp;;
MroXI;GAANN^vNNTTC;Blunt;Blunt;;6bp;;
MscI;TGG^vCCA;Blunt;Blunt;;6bp;;
Msp20I;TGG^vCCA;Blunt;Blunt;;6bp;;
MspCI;CvTTAA^G;TTAA;5;;6bp;;
MunI;CvAATT^G;AATT;5;;6bp;;
Mva1269I;GAATG^CNv;CN;3;;6bp;;
NaeI;GCC^vGGC;Blunt;Blunt;;6bp;;
NarI;GGvCG^CC;CG;5;;6bp;;
Nb.Bpu10I;CCTNA^GC;;;;6bp;;
Nb.BsmI;GAATG^C;;;;6bp;;
Nb.BsrDI;GCAATG^;;;;6bp;;
Nb.BssSI;CACGA^G;;;;6bp;;
Nb.BtsI;GCAGTG^;;;;6bp;;
Nb.Mva1269I;GAATG^C;;;;6bp;;
NcoI;CvCATG^G;CATG;5;;6bp;;
NcoI-HF®;CvCATG^G;CATG;5;;6bp;;
NdeI;CAvTA^TG;TA;5;;6bp;;
NgoMIV;GvCCGG^C;CCGG;5;;6bp;;
NheI;GvCTAG^C;CTAG;5;;6bp;;
NheI-HF®;GvCTAG^C;CTAG;5;;6bp;;
NmeAIII;GCCGAGN₁₉^NNv;NN;3;;6bp;;
NruI;TCG^vCGA;Blunt;Blunt;;6bp;;
NruI-HF®;TCG^vCGA;Blunt;Blunt;;6bp;;
NsbI;TGC^vGCA;Blunt;Blunt;;6bp;;
NsiI;A^TGCAvT;TGCA;3;;6bp;;
NsiI-HF®;A^TGCAvT;TGCA;3;;6bp;;
NspV;TTvCG^AA;CG;5;;6bp;;
Nt.Bpu10I;CCvTNAGC;;;;6bp;;
OliI;CACNN^vNNGTG;Blunt;Blunt;;6bp;;
PaeI;G^CATGvC;CATG;3;;6bp;;
PaeR7I;CvTCGA^G;TCGA;5;;6bp;;
PagI;TvCATG^A;CATG;5;;6bp;;
PauI;GvCGCG^C;CGCG;5;;6bp;;
PceI;AGG^vCCT;Blunt;Blunt;;6bp;;
PciI;AvCATG^T;CATG;5;;6bp;;
PctI;GAATG^CNv;CN;3;;6bp;;
PdiI;GCC^vGGC;Blunt;Blunt;;6bp;;
PdmI;GAANN^vNNTTC;Blunt;Blunt;;6bp;;
Pfl23II;CvGTAC^G;GTAC;5;;6bp;;
PflFI;GACNvN^NGTC;N;5;;6bp;;
PflMI;CCAN^NNNvNTGG;NNN;3;;6bp;;
PfoI;TvCCNGG^A;CCNGG;5;;6bp;;
PinAI;AvCCGG^T;CCGG;5;;6bp;;
Ple19I;CG^ATvCG;AT;3;;6bp;;
PluTI;G^GCGCvC;GCGC;3;;6bp;;
PmaCI;CAC^vGTG;Blunt;Blunt;;6bp;;
PmlI;CAC^vGTG;Blunt;Blunt;;6bp;;
PscI;AvCATG^T;CATG;5;;6bp;;
PshAI;GACNN^vNNGTC;Blunt;Blunt;;6bp;;
PshBI;ATvTA^AT;TA;5;;6bp;;
PsiI;TTA^vTAA;Blunt;Blunt;;6bp;;
PsiI-v2;TTA^vTAA;Blunt;Blunt;;6bp;;
Psp124BI;G^AGCTvC;AGCT;3;;6bp;;
Psp1406I;AAvCG^TT;CG;5;;6bp;;
PspCI;CAC^vGTG;Blunt;Blunt;;6bp;;
PspEI;GvGTNAC^C;GTNAC;5;;6bp;;
PspFI;CvCCAG^C;CCAG;5;;6bp;;
PspLI;CvGTAC^G;GTAC;5;;6bp;;
PspOMI;GvGGCC^C;GGCC;5;;6bp;;
PstI;C^TGCAvG;TGCA;3;;6bp;;
PstI-HF®;C^TGCAvG;TGCA;3;;6bp;;
PstNI;CAG^NNNvCTG;NNN;3;;6bp;;
PsyI;GACNvN^NGTC;N;5;;6bp;;
PteI;GvCGCG^C;CGCG;5;;6bp;;
PvuI;CG^ATvCG;AT;3;;6bp;;
PvuI-HF®;CG^ATvCG;AT;3;;6bp;;
PvuII;CAG^vCTG;Blunt;Blunt;;6bp;;
PvuII-HF®;CAG^vCTG;Blunt;Blunt;;6bp;;
RruI;TCG^vCGA;Blunt;Blunt;;6bp;;
SacI;G^AGCTvC;AGCT;3;;6bp;;
SacI-HF®;G^AGCTvC;AGCT;3;;6bp;;
SacII;CC^GCvGG;GC;3;;6bp;;
SalI;GvTCGA^C;TCGA;5;;6bp;;
SalI-HF®;GvTCGA^C;TCGA;5;;6bp;;
ScaI;AGT^vACT;Blunt;Blunt;;6bp;;
ScaI-HF®;AGT^vACT;Blunt;Blunt;;6bp;;
SfoI;GGC^vGCC;Blunt;Blunt;;6bp;;
Sfr274I;CvTCGA^G;TCGA;5;;6bp;;
Sfr303I;CC^GCvGG;GC;3;;6bp;;
SfuI;TTvCG^AA;CG;5;;6bp;;
SgrBI;CC^GCvGG;GC;3;;6bp;;
SlaI;CvTCGA^G;TCGA;5;;6bp;;
SmaI;CCC^vGGG;Blunt;Blunt;;6bp;;
SnaBI;TAC^vGTA;Blunt;Blunt;;6bp;;
SpeI;AvCTAG^T;CTAG;5;;6bp;;
SpeI-HF®;AvCTAG^T;CTAG;5;;6bp;;
SphI;G^CATGvC;CATG;3;;6bp;;
SphI-HF®;G^CATGvC;CATG;3;;6bp;;
SseBI;AGG^vCCT;Blunt;Blunt;;6bp;;
SspDI;GvGCGC^C;GCGC;5;;6bp;;
SspI;AAT^vATT;Blunt;Blunt;;6bp;;
SspI-HF®;AAT^vATT;Blunt;Blunt;;6bp;;
SstI;G^AGCTvC;AGCT;3;;6bp;;
StuI;AGG^vCCT;Blunt;Blunt;;6bp;;
TaqII;GACCGAN₉^NNv;NN;3;;6bp;;
TspMI;CvCCGG^G;CCGG;5;;6bp;;
Tth111I;GACNvN^NGTC;N;5;;6bp;;
Van91I;CCAN^NNNvNTGG;NNN;3;;6bp;;
Vha464I;CvTTAA^G;TTAA;5;;6bp;;
VneI;GvTGCA^C;TGCA;5;;6bp;;
VspI;ATvTA^AT;TA;5;;6bp;;
XagI;CCTNNvN^NNAGG;N;5;;6bp;;
XbaI;TvCTAG^A;CTAG;5;;6bp;;
XcmI;CCANNNN^NvNNNNTGG;N;3;;6bp;;
XhoI;CvTCGA^G;TCGA;5;;6bp;;
XmaI;CvCCGG^G;CCGG;5;;6bp;;
XmaJI;CvCTAG^G;CTAG;5;;6bp;;
XmnI;GAANN^vNNTTC;Blunt;Blunt;;6bp;;
ZraI;GAC^vGTC;Blunt;Blunt;;6bp;;
ZrmI;AGT^vACT;Blunt;Blunt;;6bp;;
Zsp2I;A^TGCAvT;TGCA;3;;6bp;;